{"cameraMode":{"drawMode":0,"name":"Shaded","section":"Shading Mode"},"sceneLighting":true,"audioPlay":false,"sceneViewState":{"showFog":true,"showMaterialUpdate":false,"showSkybox":true,"showFlares":true,"showImageEffects":true,"showParticleSystems":true},"in2DMode":false,"pivot":{"x":0.028939031064510347,"y":0.12334459275007248,"z":0.0262826569378376},"rotation":{"x":-0.23841676115989686,"y":0.09074094146490097,"z":-0.022397974506020547,"w":-0.9666860103607178},"size":0.4103565812110901,"orthographic":false}