{"cameraMode":{"drawMode":0,"name":"Shaded","section":"Shading Mode"},"sceneLighting":false,"audioPlay":false,"sceneViewState":{"showFog":true,"showMaterialUpdate":false,"showSkybox":false,"showFlares":true,"showImageEffects":true,"showParticleSystems":true},"in2DMode":false,"pivot":{"x":0.000033348798751831055,"y":0.08231623470783234,"z":0.05473833531141281},"rotation":{"x":-0.11729536950588227,"y":0.62394779920578,"z":-0.09545649588108063,"w":-0.7667123079299927},"size":0.17430859804153443,"orthographic":false}