{"cameraMode":{"drawMode":0,"name":"Shaded","section":"Shading Mode"},"sceneLighting":true,"audioPlay":false,"sceneViewState":{"showFog":true,"showMaterialUpdate":false,"showSkybox":true,"showFlares":true,"showImageEffects":true,"showParticleSystems":true},"in2DMode":false,"pivot":{"x":0.05378470569849014,"y":0.12254956364631653,"z":0.010156347416341305},"rotation":{"x":-0.2112167328596115,"y":-0.13237489759922028,"z":0.028872204944491388,"w":-0.9681032299995422},"size":0.564292311668396,"orthographic":false}