{"cameraMode":{"drawMode":0,"name":"Shaded","section":"Shading Mode"},"sceneLighting":true,"audioPlay":false,"sceneViewState":{"showFog":true,"showMaterialUpdate":false,"showSkybox":true,"showFlares":true,"showImageEffects":true,"showParticleSystems":true},"in2DMode":false,"pivot":{"x":-0.4097273647785187,"y":-0.16534078121185304,"z":0.8437870740890503},"rotation":{"x":-0.17555421590805055,"y":0.23581764101982118,"z":-0.0433354377746582,"w":-0.9549128413200378},"size":1.096888542175293,"orthographic":false}