{"cameraMode":{"drawMode":0,"name":"Shaded","section":"Shading Mode"},"sceneLighting":true,"audioPlay":false,"sceneViewState":{"showFog":true,"showMaterialUpdate":false,"showSkybox":true,"showFlares":true,"showImageEffects":true,"showParticleSystems":true},"in2DMode":false,"pivot":{"x":-0.11345337331295014,"y":0.3489159941673279,"z":-0.06581629067659378},"rotation":{"x":-0.031005945056676866,"y":0.6143624782562256,"z":-0.02415180392563343,"w":-0.7881619930267334},"size":1.0743086338043213,"orthographic":false}