{"cameraMode":{"drawMode":0,"name":"Shaded","section":"Shading Mode"},"sceneLighting":true,"audioPlay":false,"sceneViewState":{"showFog":true,"showMaterialUpdate":false,"showSkybox":true,"showFlares":true,"showImageEffects":true,"showParticleSystems":true},"in2DMode":false,"pivot":{"x":-0.0013061165809631348,"y":-0.025691986083984376,"z":0.000006765127182006836},"rotation":{"x":-0.07820531725883484,"y":-0.02780698426067829,"z":0.002187892561778426,"w":-0.9966360926628113},"size":0.6284464597702026,"orthographic":false}