{"cameraMode":{"drawMode":0,"name":"Shaded","section":"Shading Mode"},"sceneLighting":true,"audioPlay":false,"sceneViewState":{"showFog":true,"showMaterialUpdate":false,"showSkybox":true,"showFlares":true,"showImageEffects":true,"showParticleSystems":true},"in2DMode":false,"pivot":{"x":-0.022481445223093034,"y":0.07116276025772095,"z":0.012172996997833252},"rotation":{"x":-0.30851179361343386,"y":0.031949177384376529,"z":-0.01037321425974369,"w":-0.9506341814994812},"size":0.36593371629714968,"orthographic":false}